"category","videoId","creator","title","topLevelComments72h","sampledComments","replies72h"
"Review","ArCjNDHyn80","GamingBolt","EA Sports FC 27 Review - The Final Verdict",130,80,68
"Review","PSDe1xhBpfU","Inception FC","My Initial Thoughts on The FC 27 Gameplay!",125,80,53
"Review","AoBvkZJHDrM","Machete Gaming","FC 27 First Gameplay Impressions - I Expected More, EA",81,80,48
"Ultimate Team","Mbzz0gwTONU","AuzioMF","30x DEBUT ICON PACKS! FC 27 Ultimate Team",123,80,94
"Ultimate Team","-iCLBdPChD0","AA9skillz","WOW This SUCK So Bad... FC27 Ultimate Team",109,80,40
"Ultimate Team","HaRFo7WlrJg","NepentheZ","People are NOT happy with this! FC27 Ultimate Team",81,80,27
"Career Mode","tUUR5X5SNc0","CaniSports","I Fixed LIVERPOOLS Biggest PROBLEMS In FC 27 Career Mode!",347,80,46
"Career Mode","AtMIZq5ukD8","Mark Goldbridge","MAN UTD FC 27 CAREER MODE! EPISODE 1",204,80,35
"Career Mode","EnXDvcc3TqM","BFordLancer","I Takeover Chelsea in FC27 Career Mode!",188,80,69
