"category","videoId","title","creator","publishedAt"
"Review","ArCjNDHyn80","EA Sports FC 27 Review - The Final Verdict","GamingBolt","2026-09-22T09:45:17Z"
"Review","PSDe1xhBpfU","My Initial Thoughts on The FC 27 Gameplay!","Inception FC","2026-09-19T16:57:21Z"
"Review","AoBvkZJHDrM","FC 27 First Gameplay Impressions - I Expected More, EA","Machete Gaming","2026-09-18T15:58:42Z"
"Ultimate Team","Mbzz0gwTONU","30x DEBUT ICON PACKS! FC 27 Ultimate Team","AuzioMF","2026-09-18T00:37:44Z"
"Ultimate Team","-iCLBdPChD0","WOW This SUCK So Bad... FC27 Ultimate Team","AA9skillz","2026-09-21T14:00:00Z"
"Ultimate Team","HaRFo7WlrJg","People are NOT happy with this! FC27 Ultimate Team","NepentheZ","2026-09-22T18:02:53Z"
"Career Mode","tUUR5X5SNc0","I Fixed LIVERPOOLS Biggest PROBLEMS In FC 27 Career Mode!","CaniSports","2026-09-19T17:25:51Z"
"Career Mode","AtMIZq5ukD8","MAN UTD FC 27 CAREER MODE! EPISODE 1","Mark Goldbridge","2026-09-18T17:22:53Z"
"Career Mode","EnXDvcc3TqM","I Takeover Chelsea in FC27 Career Mode!","BFordLancer","2026-09-20T13:00:28Z"
